{"cameraMode":{"drawMode":0,"name":"Shaded","section":"Shading Mode"},"sceneLighting":true,"audioPlay":false,"sceneViewState":{"showFog":false,"showMaterialUpdate":true,"showSkybox":true,"showFlares":true,"showImageEffects":true,"showParticleSystems":true},"in2DMode":false,"pivot":{"x":-239.8321075439453,"y":-1337.5010986328125,"z":1630.52392578125},"rotation":{"x":-0.36429545283317568,"y":0.11525377631187439,"z":-0.04548470675945282,"w":-0.9230456352233887},"size":1105.3455810546875,"orthographic":false}