{"cameraMode":{"drawMode":0,"name":"Shaded","section":"Shading Mode"},"sceneLighting":true,"audioPlay":false,"sceneViewState":{"showFog":false,"showMaterialUpdate":true,"showSkybox":true,"showFlares":true,"showImageEffects":true,"showParticleSystems":true},"in2DMode":false,"pivot":{"x":-163.9494171142578,"y":81.69498443603516,"z":-257.48321533203127},"rotation":{"x":0.18581946194171906,"y":0.2909640967845917,"z":-0.05803893133997917,"w":0.9368381500244141},"size":25.956588745117189,"orthographic":false}