{"cameraMode":{"drawMode":0,"name":"Shaded","section":"Shading Mode"},"sceneLighting":false,"audioPlay":false,"sceneViewState":{"showFog":false,"showMaterialUpdate":true,"showSkybox":false,"showFlares":true,"showImageEffects":true,"showParticleSystems":true},"in2DMode":false,"pivot":{"x":142.59786987304688,"y":88.06473541259766,"z":78.99855041503906},"rotation":{"x":-0.06427828222513199,"y":-0.7346402406692505,"z":0.07029709219932556,"w":-0.6717392802238464},"size":2.1245689392089845,"orthographic":false}