{"cameraMode":{"drawMode":0,"name":"Shaded","section":"Shading Mode"},"sceneLighting":true,"audioPlay":false,"sceneViewState":{"showFog":false,"showMaterialUpdate":true,"showSkybox":true,"showFlares":true,"showImageEffects":true,"showParticleSystems":true},"in2DMode":false,"pivot":{"x":-141.44369506835938,"y":-1346.7847900390625,"z":1123.2705078125},"rotation":{"x":0.4474671185016632,"y":0.039642736315727237,"z":-0.019903622567653657,"w":0.893256425857544},"size":1015.1262817382813,"orthographic":false}