{"cameraMode":{"drawMode":0,"name":"Shaded","section":"Shading Mode"},"sceneLighting":true,"audioPlay":false,"sceneViewState":{"showFog":false,"showMaterialUpdate":true,"showSkybox":true,"showFlares":true,"showImageEffects":true,"showParticleSystems":true},"in2DMode":false,"pivot":{"x":-632.077880859375,"y":-796.4910278320313,"z":1569.4205322265625},"rotation":{"x":0.26779887080192568,"y":-0.13591061532497407,"z":0.0381462536752224,"w":0.953130304813385},"size":1042.2440185546875,"orthographic":false}