{"cameraMode":{"drawMode":0,"name":"Shaded","section":"Shading Mode"},"sceneLighting":true,"audioPlay":false,"sceneViewState":{"showFog":false,"showMaterialUpdate":true,"showSkybox":true,"showFlares":true,"showImageEffects":true,"showParticleSystems":true},"in2DMode":false,"pivot":{"x":-122.09471893310547,"y":70.31390380859375,"z":83.56902313232422},"rotation":{"x":0.4474671185016632,"y":0.039642736315727237,"z":-0.019903622567653657,"w":0.893256425857544},"size":359.81536865234377,"orthographic":false}