{"cameraMode":{"drawMode":0,"name":"Shaded","section":"Shading Mode"},"sceneLighting":true,"audioPlay":false,"sceneViewState":{"showFog":false,"showMaterialUpdate":true,"showSkybox":true,"showFlares":true,"showImageEffects":true,"showParticleSystems":true},"in2DMode":false,"pivot":{"x":150.6123504638672,"y":92.45691680908203,"z":81.50121307373047},"rotation":{"x":0.19011497497558595,"y":-0.21052981913089753,"z":0.04178217798471451,"w":0.9580357074737549},"size":9.45369815826416,"orthographic":false}