{"cameraMode":{"drawMode":0,"name":"Shaded","section":"Shading Mode"},"sceneLighting":true,"audioPlay":false,"sceneViewState":{"showFog":false,"showMaterialUpdate":true,"showSkybox":true,"showFlares":true,"showImageEffects":true,"showParticleSystems":true},"in2DMode":false,"pivot":{"x":-129.39224243164063,"y":150.6371307373047,"z":-246.6732177734375},"rotation":{"x":0.18581946194171906,"y":0.2909640967845917,"z":-0.05803893133997917,"w":0.9368381500244141},"size":118.06818389892578,"orthographic":false}